node_id_start,node_id_end,segment_length
23,105,182.936846990854
52,185,325.006636477111
101,102,168.86115356757
165,27243,72.7673669892632
165,27243,75.3833863864988
185,205,323.081933519536
221,121,226.117731409116
354,355,275.438864384879
484,22632,89.5988922577278
520,22632,137.245286122313
521,22634,300.647397958414
525,393,195.670849854563
543,542,322.962661733362
558,22631,202.632621312637
687,579,261.150267097962
687,913,325.948901308968
718,737,225.502609080959
734,629,199.252286520114
737,734,229.568178636134
833,834,259.822281832776
833,874,72.0197807928146
834,835,259.509041980379
834,910,73.3159365785264
835,843,74.5607587811636
835,921,259.55086331656
843,911,260.057576987784
854,855,140.490796127121
855,21663,190.726054089623
856,857,213.504713690562
857,816,285.108692352794
857,858,243.670035680907
858,847,238.025102251295
861,21604,195.664826173539
874,910,259.441736298058
877,945,264.500433911555
910,843,260.161638726985
921,911,75.8941880853931
945,946,259.631371661065
946,923,259.991895488137
986,987,282.231467058694
986,29652,81.4039714666008
987,988,259.685560651701
987,1095,84.4555092840508
988,989,260.216657600462
988,1017,84.7865846136363
989,1096,85.2826671576219
990,991,243.101124049228
991,1055,82.3084457905141
1017,1096,260.587667652787
1018,1128,259.43106795832
1024,1132,260.318830036942
1084,1058,77.8491884673354
1095,1017,259.842334924212
1096,22630,262.564585963033
1132,1159,162.401568717326
1141,1018,260.733117562502
1143,1024,259.626026144231
1146,1141,258.323801394903
1148,1143,261.086404828802
1167,1084,184.706277589685
1264,1265,187.204371132358
1269,1270,188.959509829779
1280,1281,264.749568026151
1318,1319,183.840498260211
1319,22762,185.106302301938
1389,21306,215.68434046887
1438,1439,115.15773316785
1458,1471,276.087430397836
1510,1458,273.129368610975
1530,1543,50.95476659435
1540,1575,239.388187798182
1543,1578,232.854120981639
1557,1634,276.193373739398
1618,1707,52.8717379019756
1641,1540,44.9569762044988
1707,1402,280.354237314139
1708,1618,222.15243918762
1730,1813,264.099561396473
1744,1800,322.290239493762
1752,1730,115.914205083509
1760,1390,45.9957130916588
1762,1394,50.3505281448555
1771,1801,211.922339370054
1800,1771,216.079750382668
1801,1802,212.164626042024
1802,1803,212.425937343536
1813,1845,112.436635441217
1881,1956,325.916006259648
1885,1957,328.523837859276
1887,1958,326.524776478039
1916,1917,315.860278460926
1917,1979,379.548839107099
1938,1961,259.819651939351
1951,1437,123.626029035162
1951,1437,125.067380422464
1951,21614,75.4889992251823
1954,1944,106.017814862078
1956,1938,321.16159235588
1957,1939,219.561650085379
1961,1973,113.194166630154
1969,1951,247.612193594053
1973,1974,147.115720505188
1974,1950,262.101130824492
1995,2077,64.6528685698215
2040,2076,87.0442879584918
2063,2097,258.883390827568
2064,2091,259.165029530387
2066,2103,258.809883776643
2076,1995,71.1583924613584
2076,2063,265.175017696134
2077,2064,265.689032432851
2079,2114,186.788349291835
2091,2025,244.247137659909
2114,2093,181.83372165597
2121,2066,261.181658528426
2126,22739,214.586349363118
2150,1916,102.026202009554
2167,2198,247.448472304218
2169,2170,82.1722986382323
2179,2180,275.47718025636
2179,2201,83.122374166147
2180,2250,82.7417794865121
2198,2246,232.434576168687
2199,2254,240.223048648331
2201,2250,277.03779507536
2215,2076,260.784297472006
2216,2077,259.483033441311
2218,2079,195.498479325973
2220,24891,54.1851480871749
2224,2167,243.439957988999
2227,2170,188.856996654949
2246,2215,263.147307916969
2253,2212,262.792535092254
2294,2341,321.134696117261
2308,2313,65.127989591998
2310,2315,65.6042523369613
2333,2348,161.187654568714
2341,2349,161.719864351215
2349,2356,321.446638084387
2356,2280,262.759384883094
2384,2396,83.6942403120093
2390,2486,321.35173172215
2392,2393,92.5306722828497
2392,2445,322.062824467279
2393,2489,321.282737999095
2396,2397,73.9258551661051
2397,2447,268.593288051928
2411,2224,234.732591330545
2413,2414,92.2678644013995
2414,2227,293.071751259927
2422,2390,290.948545193615
2424,2392,290.877270701232
2424,2425,92.3333857486961
2425,2393,291.063018618023
2428,2429,313.394206896747
2428,2541,100.683333286996
2429,2430,292.088863991957
2429,2525,100.539429455297
2430,2431,321.32079724904
2430,2509,101.129763539066
2431,2542,100.65848195554
2444,2424,319.539198313796
2445,2413,320.374502116855
2445,2489,92.2112579707282
2448,2186,273.043310004774
2453,2411,104.228854435106
2453,24891,219.040155655928
2460,2453,52.9623301266843
2473,2448,80.1315057356008
2478,2422,315.974714435165
2478,2479,98.33015372788
2479,2444,97.7597040904907
2480,2425,315.11526833671
2486,2411,321.380945074926
2489,2414,321.039544023563
2491,2447,76.8430939402772
2491,2449,154.666522871052
2509,2542,321.236683239379
2511,2553,321.401135306953
2513,2549,320.841842796751
2517,1916,328.28056793658
2519,1953,327.794457059301
2521,1954,328.522120662367
2525,2509,292.187755521913
2527,2511,292.988273371243
2541,2525,313.663003072439
2542,2517,319.521854037968
2549,2521,319.856255580436
2552,2527,312.958826678973
2553,2519,319.640813471047
2556,2557,181.071036436874
2557,2558,318.423647073752
2558,2664,321.180848730292
2575,2652,320.88473884973
2582,2667,321.986917650887
2590,2573,312.937591149304
2592,2575,316.979184234605
2606,2651,108.123150626353
2618,2590,181.583569065003
2643,2644,147.086093164092
2644,2645,131.109548417139
2645,2646,181.015069924803
2646,2580,317.079527282759
2647,1744,324.667991639677
2651,2592,180.826643529431
2664,1881,323.963955247585
2686,2745,323.904650231496
2688,2747,323.498814366685
2691,2750,324.286780367245
2699,2756,323.758043906844
2710,2691,319.447531044783
2727,2728,88.3491667180844
2728,2710,175.936939144948
2750,1757,327.143926192259
2756,1677,326.80484158927
2772,2773,126.925136938161
2773,2774,319.800294639865
2774,2775,325.074219679098
2775,2776,325.694038249272
2782,2886,324.287098771944
2786,2890,324.920760818702
2814,2782,320.836800884347
2830,21570,169.68433197967
2886,2802,327.328627613562
2974,2976,137.182028405483
2976,2977,344.239674803622
2976,3050,72.6248309776092
2977,3087,323.283711039265
2979,2980,206.23840663864
2980,2981,233.650291603901
2982,2983,239.055599354073
3019,2983,95.8185743874952
3023,3032,227.729945419838
3032,2994,265.239269472927
3052,29734,233.525838918525
3053,3065,197.295835354352
3058,3023,181.159804434635
3065,3043,249.206342830001
3123,3169,316.886493663376
3123,3185,79.9841978519551
3154,2641,249.980650592019
3213,22903,186.334233216261
3217,3281,86.2533395663764
3219,3220,263.980979235967
3220,3282,81.8462880146396
3220,3293,214.463848250571
3222,3268,80.0546649955093
3240,3217,70.1463140395326
3245,3301,97.622786868756
3251,3252,180.943103631196
3252,3253,256.791238439324
3253,3321,225.706789797075
3254,3321,42.8203234129218
3255,3256,284.358502850161
3260,3261,321.596282852492
3264,3305,194.527030002015
3265,3308,194.964545579832
3274,3251,74.6178475434093
3274,3275,195.097409154021
3275,3252,72.9919594638234
3275,3276,263.575050116104
3276,3253,74.6361607115145
3276,3254,215.505368580502
3281,3265,210.312513248854
3282,3283,214.718165355285
3283,3268,321.491665302852
3293,3283,81.1373831949766
3308,3245,77.592120131703
3324,3354,96.5436566470171
3359,3425,108.796597809912
3366,3421,211.528998694176
3371,3391,556.984644114893
3378,3536,216.006976972462
3383,3401,224.624345638631
3388,3389,94.0344783399615
3389,3569,216.876641522608
3391,3305,97.8910512704333
3398,3399,73.9150258097464
3398,3466,166.886189020718
3399,3330,58.9503367732912
3407,3264,326.036310890843
3421,3383,222.392314660145
3425,3336,73.3882297542168
3436,3354,184.348743854295
3447,3907,134.797381155773
3458,3577,51.008485405767
3472,3473,94.083518570862
3472,3556,80.770597542285
3473,3550,80.9490231007111
3475,3586,137.839291162006
3478,3589,171.63270847264
3487,3488,164.079259979587
3488,3591,370.457564286979
3500,3569,96.2095829344915
3503,3583,100.238370839157
3516,3511,87.5494766666774
3537,3516,78.0769061120674
3537,3538,164.586107868105
3539,3475,212.813997262815
3541,3542,54.1333405950754
3547,3488,74.8482035664901
3550,3557,308.29967835868
3556,3550,93.9771618918557
3561,21552,129.115116129255
3569,3484,73.5235752132921
3577,3597,55.8789576496247
3583,3487,73.339935426508
3583,3547,162.12005860727
3586,3587,59.264554069309
3597,3542,149.213106246935
3599,3539,140.176643753973
3602,3504,95.4125343982534
3682,25023,200.435357218986
3716,3742,99.4320091493185
3723,3674,171.335264702129
3736,3753,276.940938825154
3740,3756,278.436277399592
3743,3781,177.011666120246
3750,3723,129.544844619829
3751,3728,131.141933305861
3757,3625,305.389688087636
3759,27154,142.480802185119
3780,3781,97.5178670426218
3825,3896,212.344587256656
3830,3898,215.630789795783
3832,3833,246.889317483968
3833,3834,199.583358846255
3853,3832,83.8633430959772
3855,3856,190.26983471182
3856,3834,80.9801113747929
3857,3858,199.274700368604
3857,3881,113.343727392137
3858,3859,187.869452442494
3858,3878,95.3851534070795
3859,3894,94.4791082752911
3872,3736,215.868795527309
3874,3740,212.047801945484
3876,3892,204.286043027385
3878,3855,81.9900618855537
3878,3894,189.252096837424
3881,3853,82.0813980508609
3881,3878,225.972332423277
3892,25030,140.863424855728
3894,3856,81.9829733806647
3898,3874,219.288715308113
3907,3430,75.1332189592515
3915,3876,124.964590803267
3940,3941,68.6395963570396
3940,4076,68.2519047397587
3941,4135,67.9534104550957
3941,4162,114.317748728738
3945,3946,89.0139467839982
3945,4213,199.015948917718
3946,4214,167.253056914614
3952,3953,168.182548877973
3953,4171,180.459703033323
3955,3956,90.2418547195288
3959,4145,122.520843323563
3961,4187,120.670771912985
3963,3964,57.8655343639391
3967,3968,54.3899412746943
3987,3997,116.148261166453
3992,3941,62.7500152555571
3996,3997,133.856559069981
3996,24775,111.456497682179
3997,3929,114.280637499863
4007,4254,168.480056933605
4018,3659,159.75210456135
4018,3742,99.2837697917177
4019,4020,249.963152507083
4020,3952,85.8140667916653
4020,4021,170.485452771031
4021,3953,86.7539942967462
4021,4170,178.079554321094
4025,4128,233.570593487259
4027,4028,102.238225029558
4031,4005,314.012685595715
4034,4254,27.4136438758444
4037,4038,178.450615045844
4037,4106,102.635943720023
4038,4082,102.474752354977
4039,4107,101.516655188008
4044,4045,98.6285859456673
4045,4046,132.013629530064
4046,3987,136.560142687289
4076,4077,77.5102421873737
4076,4135,77.6621357363581
4077,4098,167.549961039016
4077,4136,81.7680766843089
4081,4120,178.513654147217
4081,4198,93.2741911778821
4082,4021,92.6671950597796
4085,4086,144.028940303258
4090,4052,144.094094531914
4092,4148,89.4770199483617
4094,4079,171.520308182662
4094,4102,84.8100640936207
4098,4099,81.8622630305358
4099,4166,97.7482679664094
4101,4025,108.156132201917
4102,4118,94.6563404423273
4105,4019,100.457426923952
4105,4106,248.277307116578
4106,4020,93.6163761562644
4106,4082,177.329927464352
4107,4170,93.067350714778
4114,4053,175.351358700726
4114,29332,106.802500764703
4116,4149,93.2976221024679
4118,4197,93.8583479839858
4120,4025,284.654134181042
4120,4169,97.4765106676645
4135,4136,76.3910009637587
4136,4164,97.0875962189576
4148,4116,90.889258234207
4149,4150,93.311121768933
4150,4105,101.182323568051
4153,4154,143.050559452184
4154,4042,138.409491913733
4164,4218,281.44773951757
4166,4167,76.6278357307526
4167,4100,63.0817338296121
4169,4039,94.4335405338944
4183,23158,71.4038945088546
4192,4086,131.942769131665
4194,4085,131.850236281227
4194,4192,143.673171483661
4197,4037,93.3573688220945
4197,4198,177.620174754324
4198,4038,93.9049570293761
4198,4169,172.507242877386
4200,4076,176.62623249173
4200,4201,80.6781499612251
4201,4077,172.298873778027
4201,21668,165.950165953983
4213,4214,82.4182581298931
4214,4215,80.9845408364677
4215,22696,115.891913627645
4275,4276,143.207860852227
4276,4277,155.465060094977
4277,4278,84.8802875709213
4278,4279,86.995023501923
4284,4285,84.6803803914728
4289,4290,84.0755701365077
4290,4497,292.627236580534
4306,4347,72.6939420097423
4330,4331,191.72751005261
4331,4332,74.5235858719477
4332,4750,82.245732082423
4347,4275,93.3797647535256
4382,4383,83.5759256811164
4396,4492,257.859245191275
4421,27156,179.825968904155
4423,4396,341.625741400436
4483,4696,42.7088707782789
4492,4555,310.43115409949
4493,4465,81.6758031013156
4498,4550,263.585133296048
4501,4502,188.468469172557
4510,4483,158.939252029676
4512,4513,291.126046794474
4512,4699,42.6332083907398
4513,4609,219.819950475059
4513,4702,42.8990283027312
4517,4523,58.7371693650937
4517,4528,242.968085424995
4518,4525,62.7239774950666
4522,4523,208.341184296239
4523,4524,243.403610489999
4524,4525,263.262223069475
4528,4524,61.9300943393301
4551,4588,264.412316357077
4555,4551,264.282757278807
4558,4575,187.925144237548
4585,4510,47.9082878142983
4588,4558,218.177861193927
4593,9549,82.6706923396911
4609,4757,48.9633259519853
4631,27157,396.759013792572
4652,21262,91.733128337795
4655,4741,91.7006190562345
4676,4688,42.0468016128622
4683,4684,294.88938067327
4683,9638,40.6350481177414
4684,4691,42.2616564336856
4686,4692,47.3948979628836
4688,4689,378.847693190379
4691,4692,188.41330007163
4736,4751,226.855302875139
4789,4790,265.793468664944
4790,4791,326.872544217833
4791,4792,325.02274320251
4792,10701,204.560823900272
4869,4870,94.2180728950286
4891,4892,83.6025133965314
4892,4893,218.956995940675
4909,4806,228.001165583102
5090,5100,191.458925950901
5093,4827,193.172844350393
5099,5090,412.274199869097
5105,5093,307.445433619643
5110,5141,85.9650210691026
5142,5105,83.6063670675708
5158,5167,287.691692734927
5174,5118,78.8137356148244
5174,5141,294.192309242234
5185,5142,71.6828602985333
5342,5380,164.103819429859
5380,5385,186.000936283625
5417,5402,98.7025964295445
5480,5572,277.020708857828
5519,5520,292.275131312611
5522,9583,153.845634823383
5621,21549,92.9035794633554
5622,5621,72.364512490988
5683,5921,175.127600078197
5695,5860,92.4719843315827
5806,4090,114.127045988709
5808,5682,262.146341977331
5830,6170,70.0101923921337
5860,4114,137.39731751432
5893,4069,115.366235574902
5912,5913,160.208085177974
5913,5914,113.879868857934
5938,5946,114.786790902939
5990,5991,135.305761797908
5998,5999,202.741775132848
5999,6000,138.205484092155
6000,6001,205.02546638625
6001,6002,203.490390022384
6020,6021,205.176906069891
6021,6154,133.902717115133
6053,6208,229.562732732586
6053,6498,95.5582477390357
6081,5676,27.8586697680222
6106,6391,111.72426156725
6114,6030,134.809671039386
6120,6195,145.823705624736
6129,6130,202.545242144051
6130,6131,38.7468555174555
6131,3857,193.691772928902
6131,3964,115.631036631137
6150,6193,134.767163760267
6151,6152,124.32955168699
6154,6155,105.43520748026
6165,6130,206.256319737193
6165,6226,23.5386721061188
6170,22997,111.474447678343
6178,6186,162.197505909089
6178,6314,64.6670180646544
6183,6114,95.0881157092026
6184,24483,96.8402236280517
6185,6421,50.8930120681372
6188,6306,71.5347731962662
6191,6317,69.326673462717
6200,3436,211.095525551235
6202,6262,220.910252223095
6208,3371,400.293741572342
6208,6607,100.227931318594
6236,6237,125.194031674838
6237,6020,119.176790606584
6244,6353,201.717372229629
6254,6255,104.606512810935
6258,6292,123.442153705883
6267,6268,76.1274524888361
6268,3371,195.044760808449
6275,6157,136.474400478092
6283,6284,133.361063707264
6283,6290,123.858654929034
6284,6310,108.730854746121
6284,6368,101.137615117782
6290,6101,111.846850002754
6290,6368,118.713230196203
6292,6021,119.070884791204
6310,6311,83.8351811353353
6311,6106,105.511734894012
6312,6155,134.703763433329
6315,6306,62.6519084721492
6324,6097,118.669976103178
6325,6150,142.93054907566
6353,6129,205.781420508722
6421,6583,289.725223001278
6425,5996,59.2709918745883
6469,6588,151.767856596791
6507,6541,90.0878477036116
6517,3251,219.838344709419
6519,6480,151.44561153448
6519,6520,132.115894963802
6520,6481,148.196966479854
6532,3255,116.751822983423
6553,3274,202.830880664637
6553,6517,72.4524930521993
6564,6507,73.6621739002341
6567,6510,73.5248897214493
6567,6568,130.710197930859
6570,6512,73.0902691447852
6572,6515,71.6966544210596
6588,6622,180.213836491007
6594,6447,88.8076608693758
6597,6520,134.186480504031
6616,6617,113.231517007339
6622,6519,134.024185703106
6669,2975,301.930046309149
6673,6674,311.364436483919
6673,6726,72.9116445730361
6674,2974,140.477642632499
6679,2982,355.394736149433
6689,3005,292.360482383288
6704,6735,269.004872982715
6706,3185,282.907290935342
6734,6735,158.186140983593
6751,6816,173.987787532395
6762,6763,86.0588976184359
6762,6824,164.802891274517
6763,6825,164.549792756403
6770,6771,97.2034194321472
6824,6825,85.9147275620395
6824,6869,177.245529811892
6825,6870,176.452495424646
6857,25347,235.369056710307
6869,6870,86.4844096831602
6870,6896,306.275805763798
6886,6996,296.381992540595
6895,6896,86.9883546194452
6902,6762,149.000154542095
6902,6909,87.0685532241479
6906,6751,152.866965601193
6909,6763,149.318555943315
6932,6971,364.289666392967
6932,7029,286.564862512341
6935,6931,90.4642406134088
6996,6970,91.8577513816796
6996,29879,294.218506752099
6999,7000,86.2152990353617
7000,26578,87.8837789137017
7006,7010,74.5099662936412
7014,25464,106.272384531138
7027,7059,292.706307720742
7029,6972,364.8258388661
7075,7076,72.1856309516762
7162,7163,172.496489925757
7348,7538,81.6280541575329
7414,7423,263.511479947009
7423,7424,337.770453541901
7432,7671,306.788188879815
7478,7477,121.475255050836
7486,7485,187.382010721644
7878,7867,244.517301006216
8005,7968,325.875728036787
8009,8137,327.717975732272
8174,8269,127.948625123131
8222,8174,124.853365474067
9232,9226,58.6920465361565
9484,12464,235.879797054755
9638,4691,295.989633482374
9732,9686,443.31794364858
9933,9951,98.2469763450016
9946,9948,107.688414856398
9948,9951,321.760623026209
10048,10049,31.3964499374219
10330,21943,195.161878278695
11335,11332,171.173829987963
11335,11336,87.2900263543243
11336,11337,87.29685670791
11340,11335,87.6300487567289
11341,11340,88.1570087767342
11359,11341,89.5649378436635
11361,11359,123.652331732441
11670,11668,82.5762604094182
11670,11668,84.8962488063356
11670,11674,53.0828231095243
11822,26434,239.235392267982
12226,12235,265.408414658733
12403,12350,434.04991421463
12526,24980,235.599484501467
12794,12736,190.220229969895
12841,13628,208.950898199494
12841,13634,527.261389692126
12843,12845,235.541984781857
13017,13449,169.367508639445
13047,13551,220.122053041221
13062,13017,190.93073111122
13148,13196,212.092722272912
13307,13301,290.736782681797
13316,13307,293.204967686695
13329,26884,71.9822746510577
13339,13343,178.749726436859
13360,13361,139.217579056516
13405,26302,148.521770510536
13408,13423,342.51696224718
13449,13493,210.619558059233
13450,13455,110.574164908498
13493,13492,132.316484963875
13496,22590,151.068546012106
13550,13534,223.062758357797
13551,13550,132.408832670071
13628,13629,203.374452818425
13707,26939,184.210509790612
13715,13717,200.540590359079
13725,13715,461.576396342773
13735,13725,413.311397304094
13897,13895,214.747170630935
13985,13997,62.8755189585408
14197,14144,299.081291271064
14336,14393,90.665765607166
14354,14353,62.7838362633092
14355,14354,172.538301050717
14469,14468,72.2333535706241
14521,14641,214.813982403319
14575,22778,183.609828021273
14684,22139,216.594425617978
14690,14684,127.520694954764
14706,25079,99.5533696274446
15021,14980,361.493878370656
15073,15105,143.811496879765
15110,15111,167.016761491138
15157,15161,44.5422401771856
15166,15167,105.662435167436
15335,15343,273.062750605412
15343,15338,178.582395261007
15508,15509,182.835565344202
15607,15718,312.003505962081
15633,25806,89.5050782377862
15859,15912,504.946408530817
16174,16159,264.37873882932
19181,19157,679.193993556287
19284,21019,252.638137411039
19598,19590,386.260600784882
19789,19775,332.228838046935
20225,20223,234.219882721663
21019,19240,254.677439723646
21292,24399,92.963397261764
21427,21686,130.429386379382
21461,21266,80.2201163709394
21508,21723,299.28594443607
21604,831,91.8490437199675
21614,1389,55.2296238394859
21614,1437,135.51747322918
21723,521,123.198571939479
22168,24930,254.910633989625
22590,25290,231.350872330478
22710,26722,13.7028464307263
22994,3945,114.638697534578
22997,22994,42.5367121951112
22997,23158,115.523190973255
23039,25540,225.762875893458
23155,23156,138.979200767532
23157,22994,105.251203970555
23158,3945,38.7269245001009
23881,24583,34.9704806548547
24040,15912,50.8512945596045
24404,24403,122.902062106245
24412,24410,249.369790232709
24775,24906,68.2645889365517
24803,26586,140.408239546009
24891,2224,102.651158819791
24901,4092,126.947002419726
24904,6151,137.450096026821
24906,3929,66.9139460020533
24930,24929,257.047476323437
24932,10322,215.550432792786
24988,24989,141.021296466338
24998,15394,106.343092334241
24999,24998,82.3156916953867
25002,25003,118.828807393687
25023,3759,213.486455094107
25044,4330,225.205132974492
25045,25044,93.7008086072877
25169,5036,157.908930153308
25230,22597,271.743498006091
25290,25230,223.360131774616
25347,25349,95.1591711760215
25356,24389,229.441225948481
25381,25382,325.265319356699
25395,25407,163.316429039265
25407,25408,107.274163072922
25408,25410,212.492669404732
25540,25541,254.161649915642
25666,27242,237.996032369152
26302,26301,63.0025173987743
26339,13772,183.421276640817
26586,5747,129.986080133866
26796,25116,141.176545023224
26884,13360,96.6544895637226
27152,6185,149.065293013537
27154,3629,163.900932796722
27242,27241,125.617308722583
27243,171,177.959023298097
29472,12226,69.1614035016925
29652,1095,283.761647026174
29670,14321,122.721293941648
